tienda_id,ciudad,region,area_m2,gerente
T001,Bogotá,Cundinamarca,500,María González
T002,Medellín,Antioquia,450,Carlos Rodríguez
T003,Cali,Valle,400,Ana Martínez
T004,Barranquilla,Atlántico,350,Pedro López
T005,Cartagena,Bolívar,300,Laura Ramírez
